damage,uid
no-damage,7ae792ae-64b5-41ec-be7b-14873c450650
no-damage,4ca98eb5-10bd-4d75-b3b3-3b9012291c1f
no-damage,22e5eb6a-f924-4b27-9cb0-90b112bcfd66
no-damage,e2ef0265-66e4-4104-a1a9-3fa985275a1d
no-damage,e4e531da-2183-440a-9501-66873422625e
no-damage,a86048e4-04f0-4f8a-b88f-bd0892ac046e
no-damage,31f3e656-e218-4253-9299-9efad94bd96a
no-damage,25b9731b-e13b-41fd-960a-5773bc226915
no-damage,5bffb7c0-8c21-4480-abc6-9ba080f24608
no-damage,14b4b8e4-f2da-4210-89d2-e0e4d5a51f90
no-damage,ae46da30-a7ec-4025-81e8-a8d351a18c4d
no-damage,5a3fb1cc-2171-4850-8a01-f162d8e9bfa8
no-damage,5a70feab-98aa-4582-b2b0-b380c63ec526
no-damage,b8659e11-41ea-4836-a4a0-2629c61cc3b6
no-damage,9c857f80-fda1-4c54-b497-25ae518a8d99
no-damage,a17d53bc-8ed3-48ff-9667-08d2d0035917
no-damage,2f495c80-6e45-4787-b1db-dd8c573cd57d
no-damage,e9538a5a-84f1-43c8-9a1e-987023ba9200
no-damage,b70af905-95f5-4d0b-8019-ab01a8ba6940
no-damage,be50deee-333f-4a58-a418-f91c2fe76211
no-damage,a417b494-1378-4087-a66e-47e16bf16cf8
no-damage,ca022649-31c7-4549-b48a-361d235a7e2a
no-damage,737d6bfb-f6b8-402d-9815-8a31a5cdccce
no-damage,2abdee19-c78b-4b11-a9c6-26cfd074511f
no-damage,7d2dc8a5-c089-42e2-b943-76fd428df55e
no-damage,e01b3229-09b1-436c-b198-570796148be6
no-damage,432598b3-bb09-439a-9cc1-dce15e4b6925
no-damage,3bb0c27d-0af0-4479-a6c1-fa3834b80c11
no-damage,c074f5a0-1987-4944-8937-e738c893425a
no-damage,dbf3213c-fc6e-44a6-ad63-cff4553b9baf
no-damage,2a115b9d-0d1f-4018-bd07-275e49edbed7
no-damage,3c8cf71f-af69-4add-9613-ba8226f59ec4
major-damage,674f4960-c8ad-4d32-a5bf-73724c170a3f
minor-damage,c3916f34-8e8a-4911-9532-f26af3de03ac
no-damage,9a1fc55e-3e78-43e0-a514-16f4fb53d8d1
no-damage,2cb9c18c-2b2a-4a3c-a606-fe55b1c43a25
no-damage,12c66db0-4109-4d4b-b89c-e03e760e2421
no-damage,6e8d2347-62b7-4107-8ae9-90c48017c45d
no-damage,679ae1db-d205-48df-9723-857a8649e4e4
no-damage,df4db225-3d8c-41c6-aeff-6ab00e4591e7
no-damage,1ab34bda-0da2-4bf8-a5ff-9f63318290cf
no-damage,42923991-929e-4e2b-956b-32be2879a8b9
no-damage,ce2ee276-ddbe-4079-95a4-474e783a968a
no-damage,d8c291a8-b266-4479-901a-a15ca7951bba
no-damage,1745af8a-08ad-43f7-8045-afa29253c44c
no-damage,25da8335-7f72-4f3a-84fb-1a2adc65b076
no-damage,9e5277c1-2a53-4134-bf93-1e9bea37affc
no-damage,37faba09-1cd9-45cd-8469-53ce729cea3a
no-damage,7be7d8a9-d284-4e42-8793-ce7b7b588219
no-damage,c33a400f-b24e-4114-9c9d-204822f7c84b
no-damage,30965f61-fc2f-42dc-8daf-6fadf0fa8705
no-damage,cb59817e-e8d5-4e44-9368-a5fcc012983e
no-damage,1d60281d-6412-4ba9-bd2b-798f73f35643
no-damage,d544bfd8-e92f-493f-b2d4-3c2ca9dd56ae
no-damage,bdaa9039-ae53-427b-9642-b8453ffa56f3
no-damage,0dc098c5-c07d-434d-b413-b7689e7002a2
no-damage,f190b450-c94c-4554-aa97-d9e81f897dea
no-damage,978f0d12-cb80-4759-9287-f85d1cfda4af
no-damage,b0fe4e65-d11f-44cb-8a72-6e7f14efc11e
no-damage,b0f5bfba-1628-4a42-82bb-1a29403e7c22
no-damage,1a23a54c-000b-4ae5-8377-f879c69f483f
no-damage,dd43a41d-5840-4080-ad93-d6c32e4680b6
no-damage,39a083b4-9fe7-4087-9b84-66f65af9ad7c
no-damage,0d842fe2-b392-4cf6-bb53-c2832718973f
no-damage,1b8b277f-e20b-4f16-9a9d-137ebe72abf9
no-damage,07bca0d0-b753-4a50-aba2-e085dca48e2d
no-damage,e0df6d6f-2065-42af-9e7c-5149ae7c0458
no-damage,a30bfe1f-d258-4d21-befe-23abf83f728d
no-damage,13899240-94b6-4813-8e8c-6db160c68c62
no-damage,b3017054-215d-4a62-b69f-b9c2292a24ff
no-damage,8e150943-54f4-4ca0-b2c2-6610d9824b7c
no-damage,759cc4b6-8ab2-4aaa-b2d2-bbf542b51e28
no-damage,3aad8422-bc3f-4c88-a79b-e27a6a5db6bd
no-damage,1ba025d5-5a56-4767-9444-59d8d1cc488a
no-damage,50791908-b69f-4626-a5a0-ae461cc31422
no-damage,03e6ee52-f9c1-40c9-9d3b-6ede1cbd5420
no-damage,e5f030dc-b62a-40ce-9079-25891e4cb92e
no-damage,81b51403-6604-4234-9e67-0d307e71ccba
no-damage,6b58587c-88c3-4fa5-857c-56feeb1899d2
no-damage,a7a0d097-3142-4479-8674-57906048a387
no-damage,97b2ffab-1021-40d3-9610-dba26da1b37b
no-damage,b0ad206f-056c-4c3b-8d5b-9ee32f976eb9
no-damage,7c3db6c8-6d01-420c-8b20-f72d2a7b0d59
no-damage,df9ba9c5-982b-40ff-ba7b-47089efa3ba4
no-damage,47e9a4a0-36cf-46c3-8ac2-553b0c4268b5
no-damage,c921105a-030a-4b7e-89e1-4e09cc6ceb62
no-damage,5d6a4272-e605-4a4c-b0ab-90b91bc7647e
no-damage,bf965ba8-0ccf-44cb-8cdd-64afd4c7c362
no-damage,72a0c915-b7b9-4fbe-8c9d-2e9fe1b544b6
no-damage,aa2bae4e-52d5-49df-b49e-11c6a05ce6fa
no-damage,2eccf1c7-fd4b-49b6-a9ad-145de27ccbbe
no-damage,50c466e7-fb81-4126-8d04-4f4539b52261
no-damage,5db131de-a6f4-4f36-a552-592deaa009bc
no-damage,6ace194a-ced5-4b58-83cb-2c3a4c73e604
major-damage,1337a97b-778a-46ff-8647-6810801e84ee
major-damage,6a21bd8c-6f33-4e61-b202-e75dffd857fe
major-damage,48617770-fd4a-41a7-b615-ccdc7b6ac50b
major-damage,30c969a2-e109-49f9-a0e1-521249f90eef
no-damage,6412c833-bc5f-47c5-b126-9610d0d6fad0
major-damage,a04e75d0-b9e6-4f70-86d9-5af4f34587d2
no-damage,091aa3c0-7b4d-445b-bd84-f29fb95052fe
no-damage,4398bb94-b8a4-43a7-9ab6-7bbafdef217c
no-damage,cf271eeb-fb81-4291-8552-d4dcab32c88c
no-damage,43065151-642a-464d-8df4-716352202944
no-damage,f6b8f751-763e-4f4d-8309-9213efe1fd9a
no-damage,52fc8fe0-cfa0-4778-9da6-a9c8fe65d0da
no-damage,582c404c-2160-4a6a-8480-20e55cd289e4
no-damage,33346b42-b782-4898-89ff-251a7b18009f
no-damage,16c43ecd-bfd6-4837-840e-b2c6fc8dcb19
no-damage,1eec73bf-ed64-4d24-92b2-9635598aaf27
no-damage,41639726-b832-41f2-b293-87392fdf870a
no-damage,32576fbf-22e9-4a1c-a481-4bf8db60dbdf
no-damage,2589af31-3ef4-4b99-8e84-f8465e1df3c8
no-damage,e863f495-fe71-452f-9b91-9c96d346ba73
no-damage,f3647d11-945f-43ca-b930-746db32fd0d9
no-damage,aa79c0ee-aaf2-44b0-9cb3-f19804a7a618
no-damage,2266fe0d-98de-4cbe-98f1-87902c35f879
no-damage,a2fa9060-d0d4-4edc-96e2-8990d50ffc70
no-damage,dc49066f-7820-4c1d-ac95-0f1eda9f30db
no-damage,d9b8b238-5a52-4c13-b150-55e5f8a9b7f2
no-damage,7d3a7def-ee4d-4ddd-a493-5f3e0a4ffad2
no-damage,846f4201-14e7-4a64-995c-f81dbec38f96
no-damage,b7f8b2dd-6b65-4e4d-a25f-d28d9aea8813
no-damage,ce920289-311c-40a0-8f14-863c259ce7e5
no-damage,759e10bf-4155-48c5-a915-ad2e1178ac73
no-damage,3a55493a-189d-4b05-84fa-dc7583204a89
no-damage,5f7d250c-4b45-440e-aef0-e929945fafe1
no-damage,c6a499c8-e725-4731-8fde-b74d59c77c65
no-damage,22911883-a226-49e4-b8dd-20dd59995d28
no-damage,e3f4b849-66f5-4e60-9a36-a9ae8de95897
no-damage,14c00d25-d82f-4655-b78e-854fd356f9bb
no-damage,1a00b412-f620-481e-a346-225fd09ecd6c
no-damage,7d07460a-72e7-4ec7-ab4f-c76626d3d9e3
no-damage,5bf746b3-2af2-42c7-bc67-cca4b0e7dd73
no-damage,2ed5e894-f4fa-43eb-a0b3-c904f5a7e1ff
no-damage,73795a4d-c2aa-424d-99c6-6633c9715584
no-damage,dbc44cd2-b613-4495-8a43-8fff5f7f386a
no-damage,b706dfe1-3201-48a5-a35d-0b81b75d8841
no-damage,2ab2776a-cd04-4b73-81d3-5e6f6a81eb70
no-damage,4c3e58cb-6f86-42c0-9499-e17e300c5755
no-damage,6c841f92-b033-4165-9084-53500593252d
no-damage,b839112c-eb8a-484c-a58d-609dc0fcfe9c
no-damage,ff003ed4-2638-4e16-81bf-67226af58bff
no-damage,8f8ac054-b107-4619-bf49-5af90da14e2d
no-damage,4087d7d0-c130-4442-959b-efb9aa77275e
no-damage,de44f318-88d1-4f38-91d4-e101f0dc9129
no-damage,57c85880-a203-47dc-a76a-28874f1ee992
no-damage,a2de2855-0f5a-4742-9114-ca3019bf0c56
no-damage,f3dd93ec-0520-4c17-8050-184156ccc916
no-damage,1ea35dfa-55f8-4420-879f-4481970a82bf
no-damage,74a44b87-3a5e-40b5-ae7d-8b80cb2523f9
no-damage,4a60844f-3b78-4075-9a48-2d3d1f5081fe
no-damage,913ef3f5-28a2-45ac-bf91-6dfca1b0547c
no-damage,293ce60a-4ec0-4938-81a3-3feff62d6e04
no-damage,18df5ed2-00b7-43f2-a8d2-bb3f1d177bef
no-damage,39f6e290-bd29-4b8a-9740-966f94a38943
no-damage,1a405ef5-4947-4403-9116-e6972ef55f20
no-damage,8acc6940-adbb-4184-9901-b01422c66f54
no-damage,8868ab31-f8b3-4e6f-9828-2a36d3e5176f
no-damage,2cbc1095-17b3-4f1a-a55c-ba00c5ad5db8
no-damage,c217a953-d666-43d2-ae64-abec38aab780
no-damage,87639676-06ae-4066-9231-097473bbe7aa
no-damage,3630d9ed-0d26-411d-9568-b3026d927c5e
no-damage,42a9bc99-8224-4117-841a-a5ff41f52f2b
no-damage,710fcd49-a597-49b8-bbd2-ad229adc39f8
no-damage,414eac8d-013f-4f6d-8251-4e82cebbbbe0
major-damage,5b8ac201-5fcd-4a75-98ad-3c1c66e15b40
major-damage,5d8894c9-7ead-4bf6-9274-e2b28f04d155
no-damage,44749a33-5f07-4e5e-b6e9-7d0525035771
no-damage,02e79b44-386a-4ed0-9c16-67bb1779a4eb
no-damage,9eec2bb2-181b-418a-9bca-6c611e57b8da
no-damage,43f345d4-51fb-41a8-a7e1-e2fa6ad14d30
no-damage,1d114348-711c-4880-bd6f-f52a105ed616
no-damage,786a24b5-2fec-492f-8ccd-58756583d702
no-damage,d7f91c04-f5b8-488a-a8f1-c1618e4165b3
major-damage,fa6644a5-1978-4f3a-a642-b368fa5cbdb3
no-damage,db33b3f6-836f-4f65-9a96-074efc08bd8a
major-damage,8be21bb3-a2b1-4f80-ad55-e68c4eae1212
no-damage,80f2724e-45a1-4557-968c-88a14515356d
major-damage,5f6aa2de-3833-4db1-aed3-b5d18fdfa370
no-damage,2ee0bd91-ab56-49be-bb28-4196bae44fb6
no-damage,d92c2209-e03b-4ba6-a8d2-564d4ff6eb2e
no-damage,38a88fdc-975f-4ee6-877e-431ef73c285b
major-damage,8529bc12-a1b7-49d6-a84e-557953c48650
no-damage,4c57d824-93f8-4fd3-9004-6d141c767203
no-damage,1bc17250-aa98-4b68-9df5-9bf8a890d8e6
major-damage,398f909e-a0ae-4a11-a355-d2b2e1d9319e
no-damage,184f4558-fcf6-46cf-b2d8-d3a885cda599
no-damage,311952c4-5111-4bee-9bbc-9a716c529cfd
minor-damage,c04e9f44-5b76-4f15-8353-8b4f2451df0d
un-classified,2ee2f7c7-e5d7-47fc-b252-aed218aa91cf
minor-damage,ad93fcc1-75c7-4176-a841-498f1298b989
un-classified,289f9d18-b5cf-417d-80a2-1dff9182d766
minor-damage,f05430c7-13ec-40dd-b64b-309695d7992c
minor-damage,5e6b394c-f15f-472f-8d86-b1ed97a0f7ff
no-damage,ea26d474-9cdb-44a2-8817-e59b6d387ae2
no-damage,f58e2780-763e-4fb4-913f-a8bfc989cf76
no-damage,720fa6ee-3b28-4328-a122-ed289671180a
major-damage,d2f2f0ed-2db6-41d5-851a-1bb668f0c0de
no-damage,c0637ee1-06c2-4b93-bcee-ef264d6cb24d
no-damage,f897d03f-a726-489d-8805-173edc2e07fd
no-damage,080b2202-4117-4b02-bd5c-504642fd846c
no-damage,d5e124ef-6f61-46e4-9385-b01fb21d8fd3
no-damage,9bff1a89-2f2b-44f7-8f37-28cc0c3fd0ac
no-damage,466b6205-148e-43a3-a4ac-2d5fa648c1db
no-damage,02984d12-d88c-403e-b419-6592b9e1db3c
no-damage,01db1359-4217-402a-9552-68515b422849
no-damage,cae6a479-ec31-4103-83a1-81afb307f23d
no-damage,18e4cf9c-0bb8-4b39-a978-e7257074abf5
no-damage,835af9c9-ba2e-4823-bb7b-600e878e774b
no-damage,1b7e5f7a-9d27-4a14-bd05-bc82340454c3
no-damage,467d0b21-da06-4aaa-9bfe-cb0e97cdfaf2
no-damage,873700aa-1aa1-40b1-929c-03ad785ec335
no-damage,066d948c-3cca-4bd0-aca8-7483fe227faa
no-damage,2e0e1aca-3027-4147-9fb6-9999966dea82
no-damage,dcbc2a0c-d9ee-4dc0-a441-f8edae26e891
no-damage,b98ebc84-76ad-4ae1-bb11-c16c6d0acbe7
no-damage,9cb6ea53-7d9d-4cfe-acf9-84422d2610ca
no-damage,cb4dd990-974f-4b61-85ed-12d18a63d9e5
no-damage,0093f2b9-a55c-4776-9e48-18e1212e9298
no-damage,6ae534b4-2f93-467b-b6e0-265b9ae8a2ec
no-damage,607dbfd8-198d-48ee-86ba-18e37079c328
no-damage,1bff6b4e-fdca-4ee4-a5a9-9cd28db8eaab
no-damage,30fa57c1-df5e-4f30-97e0-cf6f23875993
no-damage,5a6a0d34-4578-401d-a2f3-5b2b24570128
no-damage,f57ba048-09b3-401a-87c7-7ecad54c7cc1
no-damage,d088129d-7686-45b9-a26f-6a6de32729f3
no-damage,793844fb-066a-40f0-9c54-c3a641d9b30b
no-damage,c6583050-df1f-4eb2-9bae-5d24014032fb
no-damage,f4d4cd5a-31ab-4010-9e50-0d82c94889d4
no-damage,678b382a-b1fc-4cfc-b4c0-22d7e87a0f37
no-damage,c0b8b224-b56e-4bd7-a8cf-62a48e2bcdad
no-damage,af9dec7f-3704-4ebb-ba93-061db8b2d52c
no-damage,22b5ed41-dcec-4b57-9f2a-e734536d5896
no-damage,3cfb193c-9695-4e5d-baf4-a33301ad5cd4
no-damage,ca621bf6-7374-4d6b-9013-c29f35ef14ea
no-damage,4d743a45-61c7-4d11-ac94-5d7a80df38ec
no-damage,866b60ec-eefb-4caf-a63a-3ba0148ff0fd
no-damage,e57fc2a8-ff57-4105-99b3-d520f0fa419e
no-damage,ebce962f-9c21-4f7f-871f-de82214d257c
no-damage,e2ea9772-491c-4175-8f46-0d45dd404ebc
no-damage,3434afed-cb76-47ff-b68f-4998ec1ddc8b
no-damage,27de86f9-9a96-48da-853f-2465caff60bf
no-damage,ee27b33c-fb27-46dd-9e93-e94f7338d0f0
no-damage,6bb4395c-78e2-411f-ae1c-89ac51c4a3d4
no-damage,4fdd5696-c418-440e-930a-09f0b1087177
no-damage,fdf1c3f9-e77b-4e75-b6d5-2326b8889fe8
no-damage,b87047f7-ca6a-4f1a-9f2c-2d22693accaf
no-damage,9cca21c2-0c1a-47ec-ba03-a35b841c1ac9
no-damage,90970997-28df-4401-918e-1ffafaff2a35
no-damage,18378862-6007-4c83-a741-5f21cbad8025
no-damage,9e59969f-eeac-495d-8b6e-18c129b3644c
no-damage,b3f55123-7931-407f-9206-f6b6c2d2dfbd
no-damage,b484b701-dc7c-432b-bdaf-85d879326142
no-damage,e9cede38-be21-4fe4-9b35-bf68097e4ffd
no-damage,88f7510e-c9ab-4b6b-a8ac-2bba106e0c76
no-damage,f636b619-bdcd-4277-bca6-81aa50483b36
no-damage,eef852d2-d33e-483a-a836-068ee99de0a8
no-damage,e8cfe949-936a-4d40-a176-f22f739be4d3
no-damage,45786e56-e2f3-41e5-8e8f-b16cdc829055
no-damage,75341c7b-6328-4181-a5da-21b91f7403ea
no-damage,f70c19c6-bafb-4d37-9992-a91bd2978fd2
no-damage,c101a255-8dc7-479d-b9f1-2946494c1eb4
no-damage,13f92832-41fa-4720-a3b4-39347293f7ed
no-damage,42717b6e-6d68-4d63-9abf-534422aff52e
no-damage,0b12fe5f-3002-4855-b7c6-335bc8f17a7a
no-damage,7c6f2ee5-4a52-4082-a6dd-282aeb3e608c
no-damage,a9cc8255-340d-4a86-a3a9-7c0e81075017
no-damage,9a315131-a254-4dae-94c5-3df9cc21985b
no-damage,e39fbc18-e9a5-47f5-8d1c-3e3cc5ef2625
no-damage,7c198639-9a3d-4681-8b50-6796f7108daf
no-damage,3234c9e9-3380-4a62-8b0e-dd9aafc834e6
no-damage,ffa13841-3f64-4d86-8cdc-8c04c9c7c180
no-damage,11a96112-14ad-431f-b246-4714ed824283
no-damage,2fbaaa98-c6b5-43d7-b3a3-98de4ba6443a
no-damage,561a9a27-cf30-4f1a-bb71-6438abe23219
no-damage,d075fc96-e729-46cd-9b69-8443f984146c
no-damage,270ea5b9-882d-4ab7-a3fc-2352279140b2
no-damage,5de352ec-b125-4f40-8ad7-3aeecef54a1d
no-damage,6bde3fb0-8c9b-4837-9e5c-c3ad5d41f544
no-damage,fd440756-fdeb-4e5d-94b5-48397ad2cf9a
no-damage,f7be6e9e-2504-4cbe-8ab4-83131e5b5cd9
no-damage,99363de7-29da-48ff-8cc9-4facb8b33d19
no-damage,2146412e-c1a3-40c4-ba9e-1df27bb36b86
no-damage,43331e51-4f59-47f0-9ad2-284462b1e2ad
no-damage,4de2e05e-9e95-4a26-9479-84154c0e50a5
no-damage,bad56fc9-ecef-4403-b255-bd6d249dd39b
no-damage,083e63d0-6bec-43f6-acc1-b4ccb05e340c
no-damage,950b033a-7c1f-4bd2-9123-1f54486bdb1f
no-damage,ca3699f2-45a6-43f0-a0b2-fed29b3c3d55
no-damage,197cf0bd-7760-4fc1-9f73-ddc08684f4e7
no-damage,213feaf1-0e7d-49c4-b8c0-1b00881abdfb
no-damage,373fb963-c81b-4770-ad49-bc9dc3ad2e6c
no-damage,35ffccd9-fdbb-4b7b-8779-1746f75be076
no-damage,0a65e600-28fe-406f-8a6d-a0228865377d
no-damage,b0ea1ed0-0a25-4f72-ac7e-8752b650c7d3
no-damage,fd362ad2-b4fa-46a8-8257-021b13ac0b6e
no-damage,6a44c3c1-ce7d-476d-b4c3-47b81de7059b
no-damage,34d9e7fd-fc53-494c-a080-99c9e1593a7c
no-damage,511463e6-2e3b-41af-acb9-e5b54297f19b
no-damage,94295ec9-9805-46b0-8793-6e94cb52cae5
no-damage,40a48b11-b02d-450e-a336-f8196e6e0e82
no-damage,e38cee1f-b58b-48f6-abac-7efc93c85e74
no-damage,229226c0-c3d7-4845-8b52-31f99f4b8e45
no-damage,f73dff3a-f28e-436e-b260-971d09abd327
no-damage,279b7186-cfc8-462a-85cd-7a93289836da
no-damage,b563e2f1-0361-48a0-a9d5-4777b0c034c6
no-damage,98be2a9c-d9a2-4587-9e71-9afb485b39f1
no-damage,a8b298ff-05f8-4f98-a83c-c8debe8ebbda
no-damage,310cbeed-7b84-425b-a7c8-8816d782fc71
no-damage,bc9b6642-c481-4d74-9201-5f51a6d4b371
no-damage,cb8830b4-ecb8-4c0f-b136-b58c4145b13f
no-damage,6ec48553-4fa3-4cc3-bbec-232c132e14c7
no-damage,60f1c40a-38a1-4dff-98a8-7862471821c5
no-damage,69fa141f-9b57-4567-8951-fc42c8f1e08a
no-damage,01d18977-32f1-49b1-8c88-687c896db58e
no-damage,62d61e78-305c-442f-b7f7-4ac6d02d3d37
no-damage,fabf459d-28d7-4bcd-8f53-9756bc3b3054
no-damage,6235c2eb-63d1-41b7-ae26-c5310818a45c
no-damage,4f71b5b1-7c95-4d63-bda0-e85aeda482da
no-damage,45db191f-1caa-4213-b55d-9ee337a26780
no-damage,9b96d7db-5c85-417a-aeeb-cb533c96003a
no-damage,92008caa-9f99-42aa-a6b9-e4703537e45b
no-damage,22f1be02-e119-4265-8d4a-79526d9335ca
no-damage,0f960ba6-4916-41df-9c15-0543b1d43cdc
no-damage,cf39e75d-8baa-4767-bc6e-c65148e04e56
no-damage,30280887-df46-4f6a-bc30-2fdcf577a038
no-damage,394416f3-2245-4c54-9a28-59becae20721
no-damage,df939a4a-37d7-4eef-80f0-7bf1ddb4f3f1
no-damage,dafd2fda-8647-488c-beba-42f2843e12f1
no-damage,793c19e4-b49b-45e3-8adb-864238fc359f
no-damage,8d700a3a-7936-424c-b5d9-f4810888fa4d
no-damage,3842ead3-9881-4805-b43d-49f9e6e587d8
no-damage,a528daa5-a458-48b5-8b4d-60c29a6c9597
no-damage,489f5494-e7c7-4e49-af66-aff6599a12a0
no-damage,e8f2a165-c7d6-421f-89c2-a12eaa4cba7e
no-damage,9ee78536-8b64-4845-9306-73c183c83285
no-damage,e9206b5e-41c8-4d1b-9c83-b962ae545a33
no-damage,14338bcc-8540-4df6-9fff-b616076978f4
no-damage,0c6e47aa-4ac7-41ed-bdb0-21051fe97a87
no-damage,3bb08219-6319-4737-b6e6-e0110d75204f
no-damage,ba4bb7f1-f257-4e06-b55b-f138612dedd7
no-damage,f2a071a8-54c8-4e74-bccf-5a36f8b25913
no-damage,8ee472b5-b3b9-4f4e-810a-bcaf2550aa25
no-damage,5145e1c6-dc17-4ab0-9393-901e75a86b91
no-damage,2c0debd3-045d-4ad8-84a8-a0f1ebf940ed
no-damage,d7e2b37d-551f-4829-b462-74b6c4273263
no-damage,d05ac08d-208e-41c3-bf9f-7493f1c463f4
no-damage,005bd9f6-6fcc-4ce3-92f9-0fb158dd48a6
no-damage,6c3fba56-bae6-4a88-8c70-bdb13e67db5f
no-damage,389a456e-147d-43c0-8132-6793ba5a0582
no-damage,30afa228-e20a-4592-9607-d4c8fcaf3a60
no-damage,7bd5e24a-18a3-4875-8557-ed503461db4a
no-damage,26a0ea51-61c1-4ccb-8b6f-555e0a41485c
no-damage,40208b40-1783-4033-9e1d-dcde9941218f
no-damage,dc983fb9-d1c7-4697-8803-357fa78df076
no-damage,6a922125-7028-469b-9f17-717f40ef04b7
no-damage,2be92213-ff78-443b-890f-a24ca7dbaa0b
no-damage,de87fd18-f627-47f2-a455-7285aec3ec28
no-damage,cc6b4b52-b461-489e-a93e-4b68b16bb1c9
no-damage,4778d0e4-74e2-4a83-a2ce-02f3943fccbc
no-damage,f5b4e063-8ff4-4dcb-91da-ae8cd23eb567
no-damage,4d18510b-bcdc-4af2-84a3-22dbb925edec
no-damage,b7c7ea97-9825-4390-a720-eb418fe86aef
no-damage,5bea1219-8218-40fc-8ade-cf35399c190c
no-damage,5dfa1143-a83d-40f8-8ae8-19cb99dbc685
no-damage,4c30922c-17b5-4043-8699-9b4568151347
no-damage,b8efae50-804c-42ff-b5c0-f1d8689f504c
no-damage,bacfe392-c16d-4c11-866b-ce995c3adfec
no-damage,190f7186-c67c-46c8-990f-cdae1371b01c
no-damage,e43cde7e-d3a9-4d65-9452-8f4f25adef82
no-damage,b3a31adb-b2f7-4276-aa36-6abb845d2734
no-damage,041f1c19-b3e3-479b-824f-aee152053521
no-damage,a0cb184b-a8e9-4796-bba8-69e2449a1275
no-damage,59839b39-b124-4c28-a811-7332e6aeb949
no-damage,119c7697-e6d8-4f5c-a560-8939250a65ae
no-damage,0b6fb425-94de-4f6e-9d5f-fb42c895ea24
no-damage,db621735-bea6-46cb-a0bc-b72cb97e348f
no-damage,c378002a-f7ba-4f91-8e65-639a057d0d9d
no-damage,b8985db0-fac0-40bd-85d1-46a8149dea5e
no-damage,635953a6-64b8-4aad-9dfe-33b2d6ec3ab1
no-damage,5aef51f9-c4bf-4f0c-a61f-755eef8565ef
no-damage,3252f153-1a67-42d7-b274-4c71a97a2faf
no-damage,96695904-fc5b-4237-a86e-0e57265db6d6
no-damage,156bcdc2-0ee1-47cb-8238-682625a2c419
no-damage,b8b60537-09a4-4f1e-a685-7248d64fd688
no-damage,eda24522-41a2-4066-90ba-e333005e7cfa
no-damage,ff19bab0-8ca2-4cf4-9242-b89c836ab390
no-damage,35e25a15-c6f4-4c75-8ba4-f0e227a6aced
no-damage,a076c71f-1c4b-433f-b09f-2703c7bb5566
no-damage,5cc8b23f-8991-4a67-94bc-4ed7f608428a
no-damage,cdb6edce-d933-4655-b806-075e3444b63f
no-damage,8c23747f-1a15-4520-88b1-27cd7ff4595f
no-damage,62897571-a902-4166-b116-c91fd12b3fdf
no-damage,ea19f2a7-9fa6-451b-9fca-ce95efae91ee
no-damage,66e7c699-b3bc-4f5a-8057-5d7b68798fc7
no-damage,8ef21e31-7ed9-4cb0-8135-67587bdd2a76
no-damage,8f118b3f-cf61-4749-b354-6f55bd89e56f
no-damage,fff52d94-aac7-453a-a1f2-755f5073f495
no-damage,ae3e1755-121e-4785-8589-13a1894138ee
no-damage,534e1ee8-18ee-4d6e-8f6f-fc75ef856cff
no-damage,5dc4ef1d-5ec6-4b60-8303-b44c25bfcdac
no-damage,8a219c0f-efe7-46d3-bf7c-9e6966b80d85
no-damage,3cbd6322-ad70-49d6-8806-5e81bca013a2
no-damage,8c96b92f-ca9e-46d6-b4c8-cb300c1619d1
no-damage,4e718ea7-9dc4-4140-b0af-ba2794239a17
no-damage,59e1b9fd-ded7-4832-b115-7328fdd46808
no-damage,e44ccb0b-758d-4a35-98f3-9c1678b8d9bd
no-damage,7fd61027-15f6-454f-a0a7-ebf385231002
no-damage,5adfcfad-09dd-4a3d-a8bb-6bf40792cf4e
no-damage,b3c639e0-b122-40fa-9908-54788a95ad6f
no-damage,94fbd894-432c-4884-824a-82f681aabad9
no-damage,7a5ae094-3aa0-468a-bd08-38daa8787408
no-damage,1611b6fe-1528-4f13-963d-3f18e012020e
no-damage,8c458d8c-76ad-4e4c-a9d2-13a3722e135d
no-damage,029dc8cc-f88d-45e6-85b5-6087c9f05de0
no-damage,ea9a4321-47bf-4367-86d0-a710662ebd06
no-damage,a77e0527-a90e-48b1-b08f-36331b9e7d58
no-damage,f0131359-7192-4b53-b823-6577af229ec7
no-damage,dcb73dbd-205b-4721-bc07-5fdbf7f9c032
no-damage,28ff5df2-43e8-4d82-b5db-2fc40d93456c
no-damage,cee822e5-67d1-4819-bd61-7ffe65986f51
no-damage,28152e2a-8e65-4d0d-b4e7-a633089c21e9
no-damage,a44a02f9-d2d4-4c03-a887-89d8d808a7d4
no-damage,09a33ec4-f65d-400a-b65d-c97c5ae18c21
no-damage,e99c0af9-d288-4b99-83bf-a96fb4ec93d9
no-damage,df4b3ca4-fed8-4b84-9ab1-9ad827d0bb4b
major-damage,641473e3-bda2-46ce-84ff-87734410b6d6
major-damage,ba987127-f139-431d-a23b-1df103b10cc8
major-damage,de4d86d4-8045-4a9d-8ab2-613ea5548c97
major-damage,4c18d1b5-9b5a-4507-bfc3-ea0a92137c5c
major-damage,d41c654f-f96d-4d7d-b49f-c391c6eb2ae3
major-damage,f8c67ad4-dd6e-4e65-a4b8-c9b36c59cd7c
major-damage,8022eae5-a5e3-4116-a0c9-912c749772ed
major-damage,475d0629-9c9c-48be-ae3c-8a4c5ab565b4
major-damage,55cff92a-d95f-43a7-90b7-64166b1ee31b
major-damage,c7e3fe9e-9f66-41c0-b14a-367877a8ce6f
no-damage,93213f6c-d39c-4a7b-9af7-1d78df144f82
no-damage,cefe834b-5f2f-49d4-bb1c-823f0f8856ea
no-damage,8f6f44c9-9596-4a12-a29a-48be37171b28
no-damage,f1552b3c-6777-482c-9f9b-1cec4f75e486
no-damage,6b645ecc-ec1e-4531-a59d-3a4c3567dce5
no-damage,49244610-7085-4096-894e-c77b6452d51f
no-damage,23da371c-a63d-4a3b-a371-fa53de1c6a16
no-damage,c14d1f81-e7f3-44f6-a3d5-44e11466a726
no-damage,af8cd639-a17f-4251-aba0-b1771ec25ba2
no-damage,26ff49ad-94d3-4c4d-9ffa-3bd762a74fb0
no-damage,0e9c6dc8-781b-4929-8975-58431b9118c7
no-damage,2b6d70e8-6f2d-43d9-b1ac-200bb1a4377a
no-damage,a492bbf3-7f11-4427-9219-9fc19c9e0e67
no-damage,dbfbe4d0-5aaa-4317-a24f-33102e77a760
no-damage,b0475431-51ac-420e-a46f-648feadc97c8
no-damage,5dde85a1-e171-4e65-bccc-ea111044674d
no-damage,a81933ae-688e-419c-87ad-1c713252d3ef
no-damage,2b6bf2d0-2dd7-4556-8955-86eccc1699cf
no-damage,763ba044-4ad5-4363-ab15-305cf2c89a3a
no-damage,4af33d70-a82a-49d2-9281-87fb3dfeab96
no-damage,5dc6d297-b982-476e-9afc-315cb3253a16
no-damage,3b39b30e-e78d-4227-9156-5f2d372e2d59
no-damage,fbcfd8b5-4bfd-476f-bf56-c56a4f42cb8e
no-damage,c5eebe97-4502-41ae-816e-1d39f9b03d55
no-damage,a58c41d9-34d9-4aba-aac6-795d02b741ed
no-damage,579e3514-ad90-417e-bf61-bdeed4435944
no-damage,5a8d009f-72b1-416f-a29a-e5e46d7453ed
no-damage,aad74618-9328-424f-8de2-02fe1ce30473
no-damage,2aebc3a9-2b97-4c1b-85e4-0db45525c56c
no-damage,259554a6-8a61-49a2-86ac-28dc543cd0ba
no-damage,68325a2b-e337-4bd1-8fe6-d9ce766fd55f
no-damage,88ea97e7-032c-4a39-bfdc-833bb8074433
no-damage,0d9177a0-f5bb-4a3e-8ac3-33e5cfd2d94d
no-damage,b18c60f8-7f23-40b0-ba58-22d71a50e8eb
no-damage,59e0f6db-a9aa-48ba-9fb8-7d23ac94059b
no-damage,c26e718a-8b5a-4c5f-99e9-4ada67fc3f90
no-damage,6032606f-8686-4daf-8813-48ce79c1ea9e
no-damage,5af71066-32c0-4a48-866f-62ebab729475
no-damage,f0653004-83a7-4393-9fcb-8dcd4024fc3f
no-damage,529ce126-5fe0-4a94-9c31-8c8dad0a0d4d
no-damage,fc171e00-b807-4ad3-8aec-4046951ac379
no-damage,e0af8285-90cd-479c-a23b-8fe381489c32
no-damage,b6373546-67eb-44db-88dc-8673636668e3
no-damage,7c3d4712-08ce-48af-831b-afa670d947e5
no-damage,5f6ba4b6-cae2-42e3-92c9-dd02503418fb
no-damage,a073f58f-2583-4bdd-ad2c-cc9234825aca
no-damage,5e5c8de8-c3de-43bb-8e38-43e85970d6de
no-damage,7eb765e7-e7e0-4d69-883a-3cfe0e7b74aa
no-damage,fe7589b3-2fd3-4b12-b975-df9c6b1fc2af
no-damage,ef69543c-cb9e-4d07-948c-a907dae0f8f0
no-damage,6fd72f9e-f88d-45c5-830b-2cd64804636f
no-damage,ce0aae8e-c94a-446d-ab10-c4b268d0700e
no-damage,9d292ac7-f345-4670-ae62-8123fa314daf
no-damage,e135918f-85d6-403a-98b4-593dafd0bc79
no-damage,4ff6d3d5-6272-428b-8b99-2b29d78f3f5b
no-damage,3158c3bc-1d2b-451f-98df-07e05399136c
no-damage,5d9e59f8-26ff-4d99-acf2-db6dcc2cce7c
no-damage,8166f810-e7a5-4658-9de4-667474f45081
no-damage,cd9f41db-e114-4a72-9f24-3145d27ee329
no-damage,365d26b6-032c-4826-9cd0-f1307153728b
no-damage,067dc31d-a73d-4f2a-bd36-369349e84dad
no-damage,58597c3a-4329-48d6-9b48-2d9742980d32
no-damage,7aaaa35f-6557-4f0f-a7ed-ce208fc1f9be
no-damage,7a4f619c-24cf-4738-a642-fe84ffae0bd0
no-damage,c6543a28-5c69-4e24-a133-1f460b9cec24
no-damage,ae4834aa-8a39-43ea-9e1c-540feb0592a6
no-damage,0db77c9d-1229-4fda-908a-ef444cf6f8cf
no-damage,23d18e6c-5787-4055-8853-d4deef931909
no-damage,4a5bbe94-2d0b-463e-a846-3416d6055a73
no-damage,29ff4978-c4c4-4938-948e-67008e0ebc6a
no-damage,eb7238e1-5ac8-49b4-8b5b-ce8a426c3930
no-damage,272d00f8-7c44-48d1-b705-e53d7d4f7ae4
no-damage,ad48a640-66dc-4389-a1ae-5e134f246879
no-damage,ef0c5678-b281-48d8-89df-e24923bd8e08
no-damage,7dbbbe13-cd7a-4551-983b-0f3b56a6ef90
no-damage,492a20cd-6856-4b8a-82b5-7238c94a78fc
no-damage,104780a0-ca89-4542-b362-0c6d59823bfb
no-damage,dd4f1de0-dc74-46ad-842a-964d5ce00cc3
no-damage,ce3885ab-9ad5-47af-8e97-2f2b2d376418
no-damage,85b3dc67-a645-4cbd-aac3-b917a39dfc9f
no-damage,a817535c-5893-4842-848f-ccd14b6442dc
no-damage,0d187a0d-398b-4339-a54a-27695ffdfee3
no-damage,927b44b6-64a2-4a37-aa0e-11d6a30fe8a3
no-damage,20592ff0-d68b-449a-8a63-327f231d4720
no-damage,cbffc92c-1c39-45c6-9f0f-f579f54cf038
no-damage,9051e335-89d2-4e9f-81ad-c220fe1ce0fb
no-damage,0e604ced-5303-43fe-8c70-10e7b4293ca4
no-damage,d96b301d-14c3-45d0-9db2-41244a218478
no-damage,217190e2-19bd-4320-b3b0-1489680f703e
no-damage,44a21447-a805-4a3b-bb41-2241f64513d8
no-damage,49faccc5-d5fb-4135-9b8c-ea816e2b96fe
no-damage,0820731d-1f82-4957-8857-9a063e86e979
no-damage,92bbf9d9-1cf2-484b-9036-27d29688f3d1
no-damage,2fcce8a2-df28-41fa-8789-d13b5b2f1476
no-damage,495f68b6-1160-439e-bf5a-fba8bb03a3a2
no-damage,931b7fad-8ed6-45f2-ac77-512960f34ff0
no-damage,3c37b9fb-89fb-4ce0-a8d0-d730e0897bf1
no-damage,ab14a3b6-c970-4e92-b6ee-f95271e05833
no-damage,92c0603a-d49e-42c6-9cb5-73dffd34c05f
minor-damage,cef36788-27a4-4bc0-8bfb-29319b57cd94
destroyed,cc98b471-fb29-4ec1-9369-0ff8f804435a
destroyed,7b36d13a-eef0-4030-ba25-169eb004ab88
no-damage,aa1f8b9c-0248-41df-9140-6e652eb96f96
no-damage,89f05caa-dcd6-41ec-9205-11057651ad9e
minor-damage,c15596ac-4eb0-4b1d-b571-d50b1c801008
no-damage,b3d47989-2507-48ba-b86e-f8ee9d39c784
no-damage,7dd941bc-4313-4ae2-9cb1-49fc26f1edbc
no-damage,1844ac57-bcd7-419a-980b-7b6eb5864e58
no-damage,ca57ac44-076a-49b2-917d-9dfc76995ea9
no-damage,76faa607-ea00-4b4f-b510-0b5558ff7e5b
no-damage,8af60c12-c460-40fa-bd9d-a5504d0d9a02
no-damage,1bf4f2ab-2857-4f83-a097-bc937d69e3d5
no-damage,c1137d15-91ca-4497-872a-4c4ede6bfcab
no-damage,087d7da9-9627-42cd-b325-d67b10d6b6f6
no-damage,f2885056-171f-420b-ab1c-830603b6d0b0
no-damage,6a3cd207-4ce1-426c-919f-4e0af7a1d0ff
no-damage,48fa37ee-551d-4184-81ca-2ebac0902024
no-damage,889eb2ee-abcf-4344-bda7-89d757385fed
no-damage,b4cf34f6-7ce6-47e8-9f65-dbe92d8f2d30
no-damage,0bf23c53-b54e-414a-9546-dc3c821f423a
no-damage,e68a45f1-5bc1-4eb4-bc83-feb5d66bd641
no-damage,6505163f-412d-4b2d-b547-582697022672
no-damage,f9953c9d-cd4e-4b46-a512-5a11c0f13201
no-damage,e7868373-7edb-4c40-8957-66ffe7eede36
no-damage,451a4eb8-da51-4b52-af1a-0d3f8d6cf824
minor-damage,514a48be-09a2-4820-a7b7-838c1a85c67b
no-damage,d7b0e9c8-54ca-4252-8dfc-a1a0cdc53f95
no-damage,fab9b317-94d9-4426-b672-ddac99bfbd65
no-damage,dac7a3b0-d7eb-4aba-b735-ae2c5b094730
no-damage,2b0e9278-fae3-4359-bb22-a92a55ecd522
no-damage,0eb4c397-b5b0-47fc-a5d1-c6daa8c28ae3
no-damage,63c0897d-2d56-4d4e-88d3-3c51587e74aa
no-damage,036d2078-cbd9-4864-8050-cacd3565fb1d
no-damage,68d692f1-d004-454d-ad49-eb1ba2f01702
no-damage,6a6287ee-3c89-4771-b92f-77abc9017325
no-damage,507101ad-5602-4d0c-b722-8b67ec6e8f43
minor-damage,e43bd430-6559-4b34-a66a-6499407e3ccf
no-damage,5d95a7f1-e7a5-493c-9108-5cde9ac47d9f
no-damage,14f5de36-161c-4d29-abbd-973099170351
no-damage,9738b711-e20e-4974-8ffc-e8e87077ac8d
minor-damage,00fc39c3-73be-4afc-ac56-b50f9198a59f
minor-damage,6cdcdcf7-f6c6-4367-9b10-95236be4ea7c
no-damage,93657fca-5011-4146-9abf-47eb59d5d0d2
no-damage,4a6e89d2-39dc-4698-a24d-c5b376b9847f
no-damage,77653fd7-6fc4-440e-9fd5-923379287202
no-damage,c1282575-3ca1-4965-a949-afecb9a00c56
no-damage,98be5de9-9b79-4189-a56f-4bf1a2fd7ed6
no-damage,9db1a9d0-7294-4294-8177-62852e4b6b97
no-damage,06527450-1af6-4ec6-a788-f65318ba6a76
no-damage,7827434e-cbc2-44ae-a32d-9424e34c6cad
no-damage,0bb98440-20a1-4afc-9463-fb5177245626
no-damage,f9b813f4-cc0a-4cef-98a1-65c1d984f3e2
no-damage,d6fc5217-87cd-475b-96dd-a5a17a695e34
no-damage,4987e384-0310-4aa7-a653-c7b132a2c381
no-damage,b8d46235-c4ff-4c0e-96b6-c0395646fd67
no-damage,dd1d7bcf-11fb-40b5-8253-cac120a18622
no-damage,10c27593-a21c-4ed2-949e-6ba04ac86a8c
no-damage,66b80ae6-9c22-4ffd-9567-b4dfb79c8e2d
minor-damage,9c92a182-0d48-4de0-aa54-1ec6206929ad
minor-damage,0ff9f38a-d76a-40ad-8536-0ef28d0ea007
minor-damage,6ca7ecf5-7d57-43d4-85b5-6637059a0812
no-damage,a5ac29cc-ab7a-4eaa-835f-886eecf90feb
minor-damage,1dcc3235-457e-428a-ab13-61bce62fb45e
no-damage,e33f9ee2-bd9b-41f6-bea5-c0fbbe2a6525
no-damage,2d41f078-e3ac-41f5-8852-ddf90a761e65
no-damage,2c515cab-cef3-4152-8cc5-307b0d759ea8
no-damage,e804d893-fc9f-4c0e-8cd6-a26308f4e780
no-damage,18d100d3-01eb-4aa6-b45c-15c4f48903cd
no-damage,c9e67201-5729-4bc2-9057-8942979b9837
no-damage,9ca71ef3-afa2-4e24-82eb-a2f960d9d771
no-damage,6b963038-254e-490b-ba0f-2175d405ab58
minor-damage,4408cd68-c874-4358-baff-c1bd1ca7c9e3
minor-damage,49e1f2ad-a419-4da1-b63d-7ebb8b39276c
no-damage,3d723552-4718-4eb8-a488-9a18d7af89c3
no-damage,817d8a37-9bfb-4b25-b60a-b86cde353311
no-damage,85e8cab5-0d6d-486c-a455-f2771a773d66
no-damage,1e8b332d-79cf-4caf-a3b6-9f854e1b314d
no-damage,ada15059-7307-414c-8f51-2cf5b0a6d7b7
no-damage,f88f8e8a-911b-436b-962e-e27d94ec65a1
no-damage,74d235dd-1bd3-490f-a884-658f73cfbb88
no-damage,f3835c01-18b6-4871-ae88-e5108997f708
no-damage,3e9a8dbc-63c5-4679-8bd5-2e9a5ff8d3be
no-damage,2d433d2b-0008-4912-b328-ba861d760ce0
no-damage,20248569-55f9-441a-9ea6-f9e9d4e7407b
no-damage,5206a8fa-b076-40d2-bbea-a5770c38622d
minor-damage,4686c30d-7450-4927-be5f-41b23bd159d2
no-damage,a2635b73-08c6-4c7a-9fcf-4b91317ec6cf
no-damage,f5425fe0-ba49-49ca-ba00-fc61043bd1ba
no-damage,eb143165-2245-444b-b702-dad0e7b77fda
no-damage,ac27a021-afc9-44bb-bd9b-79bc0f063fd1
major-damage,e9244479-81c5-4a19-87fe-62790edd95a5
no-damage,956ee6d9-dd75-4552-8ecb-83ffdcc4f6fc
no-damage,e4f8f825-118d-4d73-959c-8df12f6a4839
no-damage,2b447084-b1b2-4eda-9895-ae7ec60ce5bf
no-damage,0992f99c-1ed6-4bc5-a148-1ad260fcee42
no-damage,b294fb53-a720-47df-bbbd-e03d56ca60db
major-damage,e84b9919-bf1b-4baa-a68e-46a303423fa2
minor-damage,e4921b76-fa36-4605-870b-1d56e4e385b8
no-damage,0adaee42-ccea-4a15-a63e-023b2e10ac49
no-damage,9c60db91-a320-45db-b87a-94b63fc7a51e
no-damage,769836dc-9e85-47a2-8d7e-12cee8b8efc8
minor-damage,ef37488e-ef70-4a4e-afb0-f39a919d83cb
minor-damage,71b99bad-67b1-43c5-9a50-95d3ea76bd96
minor-damage,12720232-6fe5-4192-a8ff-028530dd99f4
no-damage,bb920af1-c855-44a4-aac4-0a23cde176ac
no-damage,d0357850-07fa-440c-8290-9fa432cf7455
minor-damage,0dc96f29-9787-4d74-8d92-6bc0d73b6de9
minor-damage,02f112f7-205c-454e-8657-e5df7220130b
minor-damage,5292d9bb-1611-4b4c-95d4-ae368792106e
no-damage,b526404a-e6ea-4f5b-aa5b-1386a6b75d0f
minor-damage,d8b7af7b-1ed6-4990-a9aa-ed327458bf56
no-damage,8b473530-93dc-4a68-a9d4-4506522612ac
no-damage,dffac5a3-00f0-467f-9d42-f165489b3740
major-damage,d3a5c57e-88f7-4daf-a12c-325b7f1bebc3
no-damage,e01492fe-7467-4b82-ba2a-824aab0b7453
no-damage,7803fe86-8938-4755-86a1-e20ade18765f
no-damage,1123e251-6efe-4033-8174-97bf0424a61b
no-damage,9e6c212c-73f2-4897-aa04-74c33557bb46
major-damage,b455208c-51b8-4f17-a8b3-1dfe04aeff82
major-damage,206e2fbb-1942-4242-94d4-0bf8f4437745
no-damage,5b3e5d11-a0a7-43e6-9bd4-9c58d32e6bd5
no-damage,af709952-dc7f-4dea-8d91-976319a42df5
no-damage,ed9424b3-de18-4a72-bc04-342748db67e3
no-damage,ef7c91fe-65d5-4fb1-8889-159a13577ad8
no-damage,b2b16aa6-ce67-4000-91cb-468cb095e5d2
major-damage,537853ce-2fdf-4997-a9ed-ef7c3607477c
no-damage,cf99cdb0-4381-47b5-832e-a3b71937dc8f
no-damage,c75cc559-1786-430d-92ff-c1c6648844ca
no-damage,972dc812-aee1-4d7d-b0a4-8b16db141918
no-damage,bba7020f-f6e7-4f6a-95e3-e5d90b16fa8f
no-damage,31230013-3528-4aae-bda1-555fe1ea933d
major-damage,4da85a57-c42b-404e-a157-1a3d85eba6a7
no-damage,23612f1a-c266-4537-a8ef-4866653bff0d
no-damage,ac751e2d-8b05-4936-aa19-4d2c56444563
no-damage,4418b60f-457f-4d60-a483-ab75ff796b53
no-damage,6768be75-8a2e-4ffa-8f7b-af96a19decd0
minor-damage,5ece6d33-af18-41d6-9596-bc6347dd9ad4
major-damage,662b43d7-6cd0-452d-8ea0-b0aad0189180
no-damage,feadc2df-0eb2-4279-814f-6b5d780d6a15
major-damage,99754ff0-ed6e-4bfe-8187-44e644f35e8e
no-damage,ee7d7403-dec6-4886-b83c-3a5a01db5cd2
major-damage,67fafc5c-6307-4910-9c9e-a5553325deeb
minor-damage,97eda451-7936-474c-a3f7-a8ccb18f66cc
minor-damage,d48d2f3c-8145-422e-b644-99bf52bf7ab2
minor-damage,b0fde002-75d5-40fc-ba4a-f27a7b0a9b2b
major-damage,5bbab3e8-1003-4d63-b923-fb223ad295cf
no-damage,f0646da8-ce3e-44cf-bf7c-62876d5ddc04
no-damage,3ecfaae1-a50e-44c1-8a71-c2c35bca5ddd
major-damage,166f946e-2097-49e6-9e60-dfa97df62a87
minor-damage,aa871aa8-1c64-4aa1-85d6-4787bd6969d3
major-damage,2bef6443-c60a-4dd2-95fa-2302f699204e
no-damage,c4f7fb9a-93e9-4879-a70a-1c2e1d19f5f8
minor-damage,fdeec9d5-c83e-4b01-a6b3-3a65798d3e55
no-damage,6957f2f3-26fb-4e74-aea9-9b25f3cc1847
no-damage,1a4ff02e-ccef-4390-8779-6db9214b01bc
minor-damage,1e4128cc-ca73-42b1-812e-612bcecb633c
no-damage,31092025-7bd8-4232-b4f6-48e1a78b6740
major-damage,aa163b9d-9363-4ba1-93b5-0cc9e7bfa332
no-damage,a91384f1-a92b-4833-a9d1-7736475c21c2
no-damage,c7e701b2-b2e9-4bef-8502-7e8d9ea5295a
major-damage,6dd2649b-a337-4945-ba12-fffd547867e9
minor-damage,32b99924-990e-49be-aa12-943532f8b7da
no-damage,9b77acb3-1d85-4d4b-aca4-aa52ab5bf2e5
no-damage,ac109e8d-0d9d-45bd-9607-833110bbfaa3
major-damage,0eb95abb-af87-4b8e-9c88-85cafe697b6f
major-damage,4cc49c1d-96be-4d84-8a9b-3d20aa761007
major-damage,5b89b0d6-03cf-4d92-bb96-1c57470e5207
major-damage,2332bb6f-b198-41c0-9d53-a7ea1681b656
major-damage,40e01c7c-7dee-4002-9319-ac84a6d6a134
no-damage,3aa29e21-d58e-4af1-b942-207cd6c3def3
major-damage,71c68e32-7b2a-46f4-a6c0-1d3dd372ea83
major-damage,90667750-2b06-4e67-bfee-2c122edfc128
no-damage,ab08a064-7dea-489b-b1bd-a0d6e7fd4485
minor-damage,0d88899e-7763-4076-be0d-38a2238177dd
minor-damage,a1d0f386-b6d4-4dfd-9492-1bc6774300ed
minor-damage,b766900b-ff89-491b-88ca-336e4b288c3d
no-damage,c05c6a6f-0deb-4414-8d42-4599350b589a
major-damage,4652f9cc-e7b5-47d9-ad0d-4013db1f2d38
minor-damage,67ee7b01-c5c4-4dea-aed0-683e88c0fbaf
no-damage,aeba0719-2fdc-48db-b8f6-2e2648873bab
no-damage,c727bc58-b2f0-433d-b713-786dc32799c6
no-damage,8fe30223-a94e-4a3a-8b57-956900973250
minor-damage,a1b6fac3-928e-4c0a-83a5-2cdbaa63b4f1
minor-damage,5cc705e8-d99d-492d-8332-5a3db7fd4f64
no-damage,03ba7ee1-9cba-4bd1-9bb9-72e833eff262
no-damage,16c9efbd-b92c-4342-839e-cc73612ebe45
minor-damage,592cd5d9-8323-4bda-b73b-f896809c15c7
minor-damage,2ed65af9-5dfc-47e1-be2c-a9f7d4eeb0ca
minor-damage,a2d8f37a-214a-4757-9231-8a6675a6e6b0
no-damage,7ba89f93-496f-4285-9747-f5d23c203718
major-damage,672367bf-c8d0-4665-b876-bca7a7e8e4ed
minor-damage,dc291028-427b-4771-b005-3f35cec67387
minor-damage,00483d74-4e44-44a0-ada9-368e787dff5c
minor-damage,f00744ca-3d17-478c-981e-fa46cde65d62
minor-damage,06a724bd-6c5c-46ad-bf50-ae2b30c5a1df
minor-damage,35472493-003c-46b9-8706-86e3caf908f9
major-damage,ed242481-4a1d-4fcb-a495-3a6ba3ec4fdf
no-damage,c1114292-2975-4be1-a713-855dd8da9ab9
minor-damage,6ec387c6-4acb-4f3e-9bee-87dbb2e9d420
minor-damage,244681b2-3bd3-4bfe-890c-27da5eca5c18
major-damage,e012f251-c126-40a8-ac84-cf3419caeb5b
major-damage,3b71d4c0-b344-453d-845d-1c856e3879b6
no-damage,3e357369-4b6e-492b-8ff1-86bb69ed2e87
no-damage,8fd2b807-9714-4608-9887-d0dfa93bf2a1
major-damage,066dcdb5-a4aa-4553-b515-7f1795922f4c
no-damage,07a0c37f-8931-43e7-bf8e-ac50f85b04c3
no-damage,afedb6bc-b893-4dff-a6b3-ba5a879b3b93
major-damage,61fa61dc-0ec5-40d0-bc4c-f79aaebb66a5
major-damage,a7c9c5eb-8a31-4ea8-8422-e6195e51e59b
major-damage,1950090b-e877-4b4d-a186-023b3eb39482
destroyed,9dc57579-3a1b-4f01-82f8-e7b2eb7fddd6
destroyed,cd9245dd-9835-459a-9813-7af62741cc4a
destroyed,0c0d0e75-2531-45aa-85d9-804c577eac36
destroyed,6cbb6ef5-fbaf-47ab-8902-b2711d9f1928
major-damage,ca3e6eff-8908-44b7-a570-68b9f8a25a52
destroyed,08462d24-5167-4d3a-90ae-b477dc652a35
major-damage,e0cd76ef-3c39-49a3-8044-a8d13caa7d5a
destroyed,c95ce38a-4582-4da5-840d-6b3f7ddc3303
destroyed,9cc6210c-bd5f-4a47-9289-879e983bd6e1
major-damage,05e98a59-6e2b-49aa-ac0e-baa28c00e648
destroyed,f7b46e53-f04c-464c-b98f-178690204fc7
destroyed,fa99dc4d-9a8d-4ee3-a8ef-29a888e1126b
destroyed,0b3f96fe-2bbf-4894-8b6b-f07f982d87fb
destroyed,51792d56-cbe6-495a-b088-7ad9b3af7d9b
major-damage,17ac29d3-232f-4d96-9973-d96e4fe7d114
destroyed,173cf47b-e848-4657-af59-5aef5426df93
major-damage,d293fe6d-7d72-40c4-adf3-e326970eb41d
minor-damage,08e02e2b-c90d-4f56-b257-e79e254f9d08
minor-damage,0bb58d76-6c76-478c-8a1b-7554e0a93cb4
destroyed,28ece72f-e861-4ecc-a308-4f4eb6212291
destroyed,77b8b070-eea5-4e3c-8678-03b4938a2364
destroyed,865f46c3-1fd2-4d27-a92d-660fb8e38474
destroyed,203546d6-9243-4723-bab4-ac0cdd6ab875
destroyed,477dc9f7-16dd-4068-b08d-400ff61f9953
destroyed,85089e1a-e87e-45c4-801b-62dfa5bff97e
destroyed,437a9f3a-0cc8-4d2d-b492-eb37c668e406
destroyed,f14bd5a4-f20e-4a7e-b8d3-4bd77018a5b0
destroyed,6e8bbfc5-1a53-4bf1-ab35-7d0e786d201b
destroyed,90ca784f-864b-434c-8450-68309acb2604
destroyed,fd4b7726-1782-4f80-8854-68ff498d28c2
destroyed,515d6beb-36fe-4d90-acb5-bc9d60cd8855
major-damage,38483553-765f-4f04-9a76-01231084e4b6
destroyed,a618d705-2d3a-4ceb-86d8-bf1a4eeea51d
major-damage,88039660-6e75-4adf-9821-71873d57cf79
major-damage,475ca44b-852c-41ac-87c4-727e55ca1769
major-damage,c4c3f3db-1ddc-4a92-9c0e-c845b843c798
destroyed,3fc3cca1-03f9-4718-a02b-642d9c2b57da
destroyed,ab58217f-fad8-414c-8495-ab44b36819d4
destroyed,a3970efc-e8b6-459b-9239-a936e166dcdb
destroyed,f14e46ce-8c8b-4e82-a73d-dbe4e5934726
destroyed,3e2e044f-8c92-4826-823b-e9d08d30ce9c
destroyed,76acfe87-c138-4f6d-943e-4cee31923e0e
major-damage,06f9da0c-3c4b-4e47-a733-ee87e378f537
major-damage,06c2f6fb-9531-4fd6-961a-96cdc3429e92
destroyed,bb286cff-3a7d-4ee6-857c-fe2bd8bef0a5
minor-damage,39ef45b4-7726-45d2-b3bf-df75d542a02b
minor-damage,cf4f561d-f44a-47a1-9f73-870557d5b68a
minor-damage,b2e5f680-cf95-4868-a651-7508803dfd25
minor-damage,dab21af8-5b55-4482-b5c8-e4f42715f079
un-classified,2b6b97bb-32b7-4b88-8377-9c257c3a29b2
un-classified,90c2bd40-7b10-4c68-ac40-67cc345aa195
un-classified,48128a7a-7dfe-4bb4-95df-4af833f8b517
un-classified,81aa9ee1-4063-4e98-9d21-9257980ca7b7
un-classified,fe2f67af-1b39-4b4d-8464-ae3d39256f57
un-classified,944d5f62-88fa-4ebf-84fb-40e58f74ed30
un-classified,986915f7-9cde-466f-97c5-c03d4a03ddda
un-classified,f551086b-8bca-475b-b719-d924e58d7ae8
major-damage,b3bfa1dd-f57e-4db2-9a0c-491834552208
minor-damage,62ec23bc-1b77-423c-887a-9fd266a33c9a
destroyed,70cca2ae-0424-423c-be10-19f726004e68
no-damage,fd4ff51e-0f7f-4904-951e-a00b842c22bb
no-damage,fe91417f-1ab7-4bd9-81a4-b1dafbf56391
no-damage,c9a8f504-1b67-4cbf-a1c3-aca3638adcce
minor-damage,3e148f27-a1b8-432d-b5e8-1515cf419130
minor-damage,69a9b064-0c90-4aca-a78c-b0f3e87fb7d8
minor-damage,75b52ce5-5116-4299-a3f7-4f604e596ccf
minor-damage,b4a5d5c3-3311-44bb-b000-2b5e9c4853ad
minor-damage,e3a253b5-9b40-4e74-8993-071d9eb0f5c8
major-damage,925b0dbd-e962-4487-95df-00a83b2cc641
minor-damage,507b4092-e869-4f16-821e-1cd4fee113a2
minor-damage,6647dcd7-0362-4364-be90-8bb7441b1e07
minor-damage,0c235419-5813-4649-b136-82c69624949f
no-damage,b7a8f1d2-838b-4ca9-87bb-0eee3a0066b4
minor-damage,746eaa52-f010-49da-97b3-a1dd908f68df
major-damage,a2f763b5-0f4a-4ba5-a1bc-90fd79941c9c
no-damage,1d7762b5-91d6-4088-8bfd-45408833e0a4
major-damage,b9a7cd7f-8e7f-41da-af6f-f3f4e5690254
minor-damage,04a26f83-10b9-4510-a676-ed920439363c
un-classified,a0271fc7-15da-4751-95fd-5bfd100bd604
un-classified,822c414b-94d7-475a-88ff-fe7d8f05dba7
un-classified,d81116a3-0b93-48b9-a838-4d94ba97a11d
major-damage,3a0e2840-2750-40f8-9de7-f7a14c0eb787
major-damage,f9e67146-a404-4c11-926e-1c5c83baa327
no-damage,1be048da-5492-4704-87bd-0469ef22610c
minor-damage,b94ae014-0c04-4cee-8bc8-7b8ce4473124
major-damage,db8a3c2a-ae38-415f-9835-aa36356e6f3e
no-damage,bec25ef5-b576-45ae-b9f1-cab4d538d0e9
no-damage,41e74f99-3f34-463d-9978-ba778919b07c
minor-damage,5600fd33-9a43-4b01-8f79-57d377cb69d2
no-damage,b8a4c219-e3ce-4bf3-b070-d421f412495c
no-damage,43f60755-03b0-45ec-9fb0-e9dd98fbbb34
no-damage,3d39b24d-8495-46c7-a4d8-afd50d4ce2d3
no-damage,f89adfae-41f5-474d-bf46-b677360f1087
no-damage,234e8b76-8374-474a-88ed-5a6b6d4b84ed
no-damage,e5cb3755-e356-47ec-800e-58d659b44c6f
no-damage,f7c79f2c-30da-49c6-bd09-56c34658e501
no-damage,de7c8652-0cf1-4b22-a6c1-9483b2500bd2
no-damage,1e5d970b-03f2-47ce-a398-95f24a302b30
no-damage,ae8bd17e-53a0-4e7f-9e19-3be099f70805
no-damage,da8d1947-d94c-4d2e-9f21-8b0af5b1e666
no-damage,a8162430-eb9c-42e1-8fcf-6700c64cefa2
no-damage,243367db-8fe8-4ca3-8052-127f4a111c75
no-damage,22fae1fa-a6b4-4eaa-a065-a3b7bd202b8b
no-damage,dd023d71-ceab-4e44-9969-a9c20592a233
no-damage,1778dc06-d3b8-4c4b-ba1c-0b9dd654bc8d
no-damage,b06fcace-a584-4bca-816d-1d812edab42a
no-damage,64f2979a-f288-469f-a704-bb0d88acf1e9
destroyed,3dc1bd0b-32ea-4c7a-a793-5392b0f615b0
destroyed,7626257d-8363-4d68-a885-2de6eb0785b8
destroyed,be7c1a2d-fbcf-4aa1-a98b-2bfffaf24520
destroyed,204bbfc6-1d43-4bbc-ac5c-9ec7daadb97d
major-damage,2e701d98-1b52-4b74-9c5b-8b3785f20ce9
minor-damage,56a54031-6e68-4373-8da1-4386894ac041
minor-damage,1b914ca7-3b35-472e-841d-1e76a7b1f702
destroyed,52894be3-7d68-478b-a161-d43a255aad9e
destroyed,fc1240f9-5ac1-45d7-a655-98b93bf77419
minor-damage,5001b0bc-1d64-4e2e-9c0c-d8715b6319dd
major-damage,5df1670b-990f-47d0-af18-d322d587f2b9
major-damage,09d918cb-5093-49cf-8a05-14fa78708e92
major-damage,82626f08-4576-4fbf-bb83-2aec0ad8e489
no-damage,3e92c26c-04af-4a7d-9d46-7b1e3121fe6a
no-damage,8400ae47-a5df-4a19-b28c-658fe51846ae
minor-damage,e0817d1a-3bb4-4465-a1d5-7edf5ffeeb44
destroyed,6880ceda-2820-4480-8333-ce6a713340f1
minor-damage,2e30c4b8-b7b8-4b7f-aff0-a20d21980a70
minor-damage,1c8e3554-c9c9-4b2d-a5a7-dd43589f7281
minor-damage,18a42f76-5a2c-4e46-afb9-bab03a537a81
destroyed,828dc209-4118-40ad-b783-b26fa21f09a2
minor-damage,ff0ef6aa-1f12-4d15-b833-02d76162911b
major-damage,a13ef726-c809-4ba6-aff8-11659587054f
destroyed,3ab3fbf3-506a-4a10-a716-4fed88456fe1
minor-damage,003ae09b-f6ad-4db4-bd2b-e3e9fd20d52d
destroyed,0899fe3f-8d94-43aa-a4dc-2fb7cd5a8f88
destroyed,d3dfe5d5-9961-467f-a1ac-e0c84f33cd96
destroyed,1f8684f4-fe8f-4be0-b71a-d8565a0ef7c0
minor-damage,a60bc599-89b5-449a-9dcd-49196e315fe7
destroyed,2b9019a4-0644-430e-a0fe-60a2c28dd5ae
destroyed,9ed2245c-f8cb-4cc0-ab93-33c143ec96ae
minor-damage,4769b966-bf44-4c5d-b250-055616357388
destroyed,3c3eca65-f193-4045-9047-f72fbf9ac131
no-damage,0e79c300-3b83-4f1a-ad07-a42bf6f23d01
destroyed,00462b5c-4e06-4075-bb5a-7c7bea3391a5
destroyed,45b88957-adf2-4a52-b93d-4adf1bc184e7
destroyed,123374c9-6704-4707-850e-874ac0912f9d
destroyed,b268e55d-a7fe-46d9-a437-7d758ef10511
no-damage,56af51ba-1107-4d16-a4ee-f44775933733
no-damage,d82a46db-e4cd-426c-b2fd-58b045a57789
un-classified,884b5347-0720-462d-a1db-ed2cfa9fb0d9
no-damage,05f85945-e6c8-406f-8bb1-de9a12a12564
destroyed,92702bce-bca2-4c3a-80ae-6078f8dcc130
destroyed,51e96a00-7d21-40c9-b891-67c701661b83
